rank,listing_type,id,name,author,author_alias,attribution_link,download_change,adjusted_download_change,current_total,adjusted_current_total,baseline_total,adjusted_baseline_total,latest_snapshot,baseline_snapshot
1,mod,simple-trains,Simple Trains,Bobby-047,Bobby-047,https://github.com/Bobby-047,174,174,1168,1168,994,994,snapshot_2026_05_07.json,snapshot_2026_05_04.json
2,mod,advanced-analytics,Advanced Analytics,stefanorigano,Steno,https://github.com/stefanorigano,148,148,5899,5899,5751,5751,snapshot_2026_05_07.json,snapshot_2026_05_04.json
3,map,ciudad-de-mexico,Ciudad de México,rslurry,slurry,https://github.com/rslurry,93,93,880,880,787,787,snapshot_2026_05_07.json,snapshot_2026_05_04.json
4,mod,subwaybuilder-regions,Regions,ahkimn,Yukina-,https://subwaybuildermodded.com/credits,71,71,1682,1682,1611,1611,snapshot_2026_05_07.json,snapshot_2026_05_04.json
5,map,seoul-4,Seoul (40km×40km),kimth9,kimth9,https://github.com/kimth9,68,68,1094,1094,1026,1026,snapshot_2026_05_07.json,snapshot_2026_05_04.json
6,map,greater-los-angeles,Greater Los Angeles,rslurry,slurry,https://github.com/rslurry,67,67,1823,1823,1756,1756,snapshot_2026_05_07.json,snapshot_2026_05_04.json
7,map,yukina-cz-praha,Praha,ahkimn,Yukina-,https://subwaybuildermodded.com/credits,67,67,397,397,330,330,snapshot_2026_05_07.json,snapshot_2026_05_04.json
8,map,jelegend-tokyo,東京 (Tokyo),jelegend,jelegend,https://github.com/jelegend,61,61,1246,1246,1185,1185,snapshot_2026_05_07.json,snapshot_2026_05_04.json
9,map,shanghai,Shanghai,Kronifer,Kronifer,https://github.com/Kronifer,59,59,205,205,146,146,snapshot_2026_05_07.json,snapshot_2026_05_04.json
10,mod,distance-circles,Station Catchment Viewer,crumpetime,muffintime,https://github.com/crumpetime,57,57,1571,1571,1514,1514,snapshot_2026_05_07.json,snapshot_2026_05_04.json
11,map,greater-newyork,Greater NYC,chasemanning040911-afk,lechicken,https://github.com/chasemanning040911-afk,54,54,138,138,84,84,snapshot_2026_05_07.json,snapshot_2026_05_04.json
12,mod,citymapper,Citymapper,Gio1112,giorgiodabest,https://giorgio.is-a.dev/,52,52,1155,1155,1103,1103,snapshot_2026_05_07.json,snapshot_2026_05_04.json
13,mod,network-status,Network Status,Valdotorium,Valdotorium,https://github.com/Valdotorium,48,48,764,764,716,716,snapshot_2026_05_07.json,snapshot_2026_05_04.json
14,mod,valdotoriums-trains,Valdotoriums S-Bahn and Trams,Valdotorium,Valdotorium,https://github.com/Valdotorium,46,46,1265,1265,1219,1219,snapshot_2026_05_07.json,snapshot_2026_05_04.json
15,mod,danield1909-dantrains,"danTrains (v1.* ""Phoenix"")",DanielD1909,DanielD1909,https://github.com/DanielD1909,42,42,1592,1592,1550,1550,snapshot_2026_05_07.json,snapshot_2026_05_04.json
16,mod,any-money,anyMoney,nzh0172,naz,https://github.com/nzh0172,39,39,911,911,872,872,snapshot_2026_05_07.json,snapshot_2026_05_04.json
17,mod,transit-overlay,Transit Overlay,BarKuperman,BarKuperman,https://github.com/BarKuperman,36,36,1417,1417,1381,1381,snapshot_2026_05_07.json,snapshot_2026_05_04.json
18,map,toronto,Toronto,devenperez,devenperez,https://github.com/devenperez,35,35,1394,1394,1359,1359,snapshot_2026_05_07.json,snapshot_2026_05_04.json
19,mod,game-speedup,Game SpeedUp,Valdotorium,Valdotorium,https://github.com/Valdotorium,35,35,434,434,399,399,snapshot_2026_05_07.json,snapshot_2026_05_04.json
20,map,los-angeles-county,Los Angeles County,rslurry,slurry,https://github.com/rslurry,33,33,885,885,852,852,snapshot_2026_05_07.json,snapshot_2026_05_04.json
21,map,berlin-val,Berlin,Valdotorium,Valdotorium,https://github.com/Valdotorium,33,33,860,860,827,827,snapshot_2026_05_07.json,snapshot_2026_05_04.json
22,map,busan-4,Busan (40km×40km),kimth9,kimth9,https://github.com/kimth9,32,32,455,455,423,423,snapshot_2026_05_07.json,snapshot_2026_05_04.json
23,map,guangzhou,Guangzhou,Kronifer,Kronifer,https://github.com/Kronifer,30,30,229,229,199,199,snapshot_2026_05_07.json,snapshot_2026_05_04.json
24,map,seoul-3,Seoul (30km×30km),kimth9,kimth9,https://github.com/kimth9,29,29,484,484,455,455,snapshot_2026_05_07.json,snapshot_2026_05_04.json
25,map,mfn-hong-kong,Hong Kong,crumpetime,muffintime,https://github.com/crumpetime,28,28,926,926,898,898,snapshot_2026_05_07.json,snapshot_2026_05_04.json
26,mod,station-dots,Station Dots,nzh0172,naz,https://github.com/nzh0172,28,28,519,519,491,491,snapshot_2026_05_07.json,snapshot_2026_05_04.json
27,map,yukina-osaka,大阪 (Ōsaka),ahkimn,Yukina-,https://subwaybuildermodded.com/credits,25,25,1169,1169,1144,1144,snapshot_2026_05_07.json,snapshot_2026_05_04.json
28,map,sydney,Sydney,WillBarouch,WillBarouch,https://github.com/WillBarouch,24,24,673,673,649,649,snapshot_2026_05_07.json,snapshot_2026_05_04.json
29,map,helsinki,Helsinki,rslurry,slurry,https://github.com/rslurry,24,24,462,462,438,438,snapshot_2026_05_07.json,snapshot_2026_05_04.json
30,map,incheon-4,Incheon (40km×40km),kimth9,kimth9,https://github.com/kimth9,24,24,320,320,296,296,snapshot_2026_05_07.json,snapshot_2026_05_04.json
31,map,glasgow-edinburgh,Glasgow-Edinburgh,Kronifer,Kronifer,https://github.com/Kronifer,23,23,655,655,632,632,snapshot_2026_05_07.json,snapshot_2026_05_04.json
32,map,monterrey,Monterrey,rslurry,slurry,https://github.com/rslurry,23,23,428,428,405,405,snapshot_2026_05_07.json,snapshot_2026_05_04.json
33,map,montreal,Montreal,devenperez,devenperez,https://github.com/devenperez,22,22,953,953,931,931,snapshot_2026_05_07.json,snapshot_2026_05_04.json
34,map,zurich,Zurich,Kronifer,Kronifer,https://github.com/Kronifer,22,22,816,816,794,794,snapshot_2026_05_07.json,snapshot_2026_05_04.json
35,map,vancouver,Vancouver,devenperez,devenperez,https://github.com/devenperez,22,22,803,803,781,781,snapshot_2026_05_07.json,snapshot_2026_05_04.json
36,map,yukina-pl-krakow,Kraków,ahkimn,Yukina-,https://subwaybuildermodded.com/credits,22,22,22,22,0,0,snapshot_2026_05_07.json,snapshot_2026_05_04.json
37,map,amsterdam,Amsterdam,ryandicicco,ryandicicco,https://github.com/ryandicicco,21,21,731,731,710,710,snapshot_2026_05_07.json,snapshot_2026_05_04.json
38,map,barcelona,Barcelona,Maximilian284,max02,https://github.com/Maximilian284,20,20,748,748,728,728,snapshot_2026_05_07.json,snapshot_2026_05_04.json
39,map,yukina-cz-brno,Brno,ahkimn,Yukina-,https://subwaybuildermodded.com/credits,20,20,111,111,91,91,snapshot_2026_05_07.json,snapshot_2026_05_04.json
40,map,singapore-val,Singapore,Valdotorium,Valdotorium,https://github.com/Valdotorium,19,19,624,624,605,605,snapshot_2026_05_07.json,snapshot_2026_05_04.json
41,map,yukina-pl-gdansk,Gdańsk,ahkimn,Yukina-,https://subwaybuildermodded.com/credits,19,19,19,19,0,0,snapshot_2026_05_07.json,snapshot_2026_05_04.json
42,map,dublin,Dublin,Kronifer,Kronifer,https://github.com/Kronifer,18,18,368,368,350,350,snapshot_2026_05_07.json,snapshot_2026_05_04.json
43,map,charleston-huntington-wv,Charleston-Huntington,PSWBSF,Potato Spaghetti Water Balloon Space Federation,https://youtu.be/dQw4w9WgXcQ?t=0,18,18,222,222,204,204,snapshot_2026_05_07.json,snapshot_2026_05_04.json
44,map,guadalajara,Guadalajara,rslurry,slurry,https://github.com/rslurry,17,17,390,390,373,373,snapshot_2026_05_07.json,snapshot_2026_05_04.json
45,map,warsaw-val,Warsaw,Valdotorium,Valdotorium,https://github.com/Valdotorium,17,17,299,299,282,282,snapshot_2026_05_07.json,snapshot_2026_05_04.json
46,map,yukina-kyoto,京都 (Kyōto),ahkimn,Yukina-,https://subwaybuildermodded.com/credits,14,14,765,765,751,751,snapshot_2026_05_07.json,snapshot_2026_05_04.json
47,map,madrid,Madrid,Maximilian284,max02,https://github.com/Maximilian284,14,14,648,648,634,634,snapshot_2026_05_07.json,snapshot_2026_05_04.json
48,map,yukina-fukuoka,福岡 (Fukuoka),ahkimn,Yukina-,https://subwaybuildermodded.com/credits,14,14,513,513,499,499,snapshot_2026_05_07.json,snapshot_2026_05_04.json
49,map,milan,Milan,Maximilian284,max02,https://github.com/Maximilian284,13,13,416,416,403,403,snapshot_2026_05_07.json,snapshot_2026_05_04.json
50,map,busan-3,Busan (30km×30km),kimth9,kimth9,https://github.com/kimth9,13,13,206,206,193,193,snapshot_2026_05_07.json,snapshot_2026_05_04.json
51,mod,kr-ktp,Korean Transit Pack,kimth9,kimth9,https://github.com/kimth9,12,12,153,153,141,141,snapshot_2026_05_07.json,snapshot_2026_05_04.json
52,map,dubai,Dubai,ryandicicco,ryandicicco,https://github.com/ryandicicco,12,12,136,136,124,124,snapshot_2026_05_07.json,snapshot_2026_05_04.json
53,map,puebla,Puebla,rslurry,slurry,https://github.com/rslurry,12,12,118,118,106,106,snapshot_2026_05_07.json,snapshot_2026_05_04.json
54,map,yukina-pl-wroclaw,Wrocław,ahkimn,Yukina-,https://subwaybuildermodded.com/credits,12,12,12,12,0,0,snapshot_2026_05_07.json,snapshot_2026_05_04.json
55,map,jeju-3,Jeju (30km×30km),kimth9,kimth9,https://github.com/kimth9,11,11,133,133,122,122,snapshot_2026_05_07.json,snapshot_2026_05_04.json
56,map,incheon-3,Incheon (30km×30km),kimth9,kimth9,https://github.com/kimth9,11,11,111,111,100,100,snapshot_2026_05_07.json,snapshot_2026_05_04.json
57,map,yukina-cz-ostrava,Ostrava,ahkimn,Yukina-,https://subwaybuildermodded.com/credits,11,11,80,80,69,69,snapshot_2026_05_07.json,snapshot_2026_05_04.json
58,map,yukina-okinawa,沖縄 (Okinawa),ahkimn,Yukina-,https://subwaybuildermodded.com/credits,10,10,338,338,328,328,snapshot_2026_05_07.json,snapshot_2026_05_04.json
59,map,cairo,Cairo,ryandicicco,ryandicicco,https://github.com/ryandicicco,10,10,237,237,227,227,snapshot_2026_05_07.json,snapshot_2026_05_04.json
60,map,orlando,Orlando,rslurry,slurry,https://github.com/rslurry,10,10,170,170,160,160,snapshot_2026_05_07.json,snapshot_2026_05_04.json
61,map,south-florida,South Florida,kaicardenas0618,kaicardenas0618,https://github.com/kaicardenas0618,10,10,168,168,158,158,snapshot_2026_05_07.json,snapshot_2026_05_04.json
62,map,daytonatti,Daytonatti,soccerjonj,soccerjonj,https://github.com/soccerjonj,10,10,153,153,143,143,snapshot_2026_05_07.json,snapshot_2026_05_04.json
63,map,yukina-cz-plzen,Plzeň,ahkimn,Yukina-,https://subwaybuildermodded.com/credits,10,10,56,56,46,46,snapshot_2026_05_07.json,snapshot_2026_05_04.json
64,map,yukina-pl-lodz,Łódź,ahkimn,Yukina-,https://subwaybuildermodded.com/credits,10,10,10,10,0,0,snapshot_2026_05_07.json,snapshot_2026_05_04.json
65,map,yukina-sapporo-chitose,札幌 (Sapporo),ahkimn,Yukina-,https://subwaybuildermodded.com/credits,9,9,395,395,386,386,snapshot_2026_05_07.json,snapshot_2026_05_04.json
66,map,rome,Rome,Maximilian284,max02,https://github.com/Maximilian284,9,9,387,387,378,378,snapshot_2026_05_07.json,snapshot_2026_05_04.json
67,map,baltimore-dc-corridor,Baltimore-DC Corridor,rslurry,slurry,https://github.com/rslurry,9,9,316,316,307,307,snapshot_2026_05_07.json,snapshot_2026_05_04.json
68,map,mfn-lasvegas,Las Vegas,crumpetime,muffintime,https://github.com/crumpetime,9,9,288,288,279,279,snapshot_2026_05_07.json,snapshot_2026_05_04.json
69,map,bangkok,Bangkok,nzh0172,naz,https://github.com/nzh0172,9,9,203,203,194,194,snapshot_2026_05_07.json,snapshot_2026_05_04.json
70,map,naples,Naples,Maximilian284,max02,https://github.com/Maximilian284,9,9,165,165,156,156,snapshot_2026_05_07.json,snapshot_2026_05_04.json
71,map,daegu-3,Daegu (30km×30km),kimth9,kimth9,https://github.com/kimth9,9,9,136,136,127,127,snapshot_2026_05_07.json,snapshot_2026_05_04.json
72,map,mfn-rdu,Raleigh,crumpetime,muffintime,https://github.com/crumpetime,9,9,42,42,33,33,snapshot_2026_05_07.json,snapshot_2026_05_04.json
73,map,yukina-nagoya,名古屋 (Nagoya),ahkimn,Yukina-,https://subwaybuildermodded.com/credits,8,8,381,381,373,373,snapshot_2026_05_07.json,snapshot_2026_05_04.json
74,map,rotterdam-the-hague,Rotterdam-The Hague,ryandicicco,ryandicicco,https://github.com/ryandicicco,8,8,343,343,335,335,snapshot_2026_05_07.json,snapshot_2026_05_04.json
75,map,tampa-bay,Tampa Bay,rslurry,slurry,https://github.com/rslurry,8,8,224,224,216,216,snapshot_2026_05_07.json,snapshot_2026_05_04.json
76,map,yukina-northern-kyushu,福北 (Fukuoka & Kitakyūshū),ahkimn,Yukina-,https://subwaybuildermodded.com/credits,8,8,105,105,97,97,snapshot_2026_05_07.json,snapshot_2026_05_04.json
77,map,sejong-3,Sejong (30km×30km),kimth9,kimth9,https://github.com/kimth9,8,8,101,101,93,93,snapshot_2026_05_07.json,snapshot_2026_05_04.json
78,map,yukina-bydgoszcz-torun,Bydgoszcz - Toruń,ahkimn,Yukina-,https://subwaybuildermodded.com/credits,8,8,8,8,0,0,snapshot_2026_05_07.json,snapshot_2026_05_04.json
79,map,greater-kuala-lumpur,Greater Kuala Lumpur,nzh0172,naz,https://github.com/nzh0172,7,7,226,226,219,219,snapshot_2026_05_07.json,snapshot_2026_05_04.json
80,map,sejong-4,Sejong (40km×40km),kimth9,kimth9,https://github.com/kimth9,7,7,148,148,141,141,snapshot_2026_05_07.json,snapshot_2026_05_04.json
81,map,buffalo-ny,Buffalo,PSWBSF,Potato Spaghetti Water Balloon Space Federation,https://youtu.be/dQw4w9WgXcQ?t=0,7,7,86,86,79,79,snapshot_2026_05_07.json,snapshot_2026_05_04.json
82,map,saltillo,Saltillo,rslurry,slurry,https://github.com/rslurry,7,7,75,75,68,68,snapshot_2026_05_07.json,snapshot_2026_05_04.json
83,map,yukina-cz-olomouc,Olomouc,ahkimn,Yukina-,https://subwaybuildermodded.com/credits,7,7,36,36,29,29,snapshot_2026_05_07.json,snapshot_2026_05_04.json
84,map,ulsan-3,Ulsan (30km×30km),kimth9,kimth9,https://github.com/kimth9,7,7,35,35,28,28,snapshot_2026_05_07.json,snapshot_2026_05_04.json
85,map,providence,Providence,soccerjonj,soccerjonj,https://github.com/soccerjonj,6,6,151,151,145,145,snapshot_2026_05_07.json,snapshot_2026_05_04.json
86,map,anchorage-ak,Anchorage,PSWBSF,Potato Spaghetti Water Balloon Space Federation,https://youtu.be/dQw4w9WgXcQ?t=0,6,6,101,101,95,95,snapshot_2026_05_07.json,snapshot_2026_05_04.json
87,map,pyongyang-nk,Pyongyang,PSWBSF,Potato Spaghetti Water Balloon Space Federation,https://youtu.be/dQw4w9WgXcQ?t=0,6,6,87,87,81,81,snapshot_2026_05_07.json,snapshot_2026_05_04.json
88,map,yukina-cz-ustecko-chomutov,Ústí nad Labem - Chomutov,ahkimn,Yukina-,https://subwaybuildermodded.com/credits,6,6,40,40,34,34,snapshot_2026_05_07.json,snapshot_2026_05_04.json
89,map,yukina-cz-hradec-pardubice,Hradec Králové - Pardubice,ahkimn,Yukina-,https://subwaybuildermodded.com/credits,6,6,31,31,25,25,snapshot_2026_05_07.json,snapshot_2026_05_04.json
90,map,toledo-oh,Toledo,bean1322,bean1322,https://github.com/bean1322,6,6,30,30,24,24,snapshot_2026_05_07.json,snapshot_2026_05_04.json
91,mod,cinematic-camera,Cinematic Camera,TransitCore,TransitCore,https://github.com/TransitCore,5,5,393,393,388,388,snapshot_2026_05_07.json,snapshot_2026_05_04.json
92,map,puerto-rico,Puerto Rico,rslurry,slurry,https://github.com/rslurry,5,5,300,300,295,295,snapshot_2026_05_07.json,snapshot_2026_05_04.json
93,map,tel-aviv,Tel Aviv,BarKuperman,BarKuperman,https://github.com/BarKuperman,5,5,236,236,231,231,snapshot_2026_05_07.json,snapshot_2026_05_04.json
94,map,bilbao,Bilbao,Maximilian284,max02,https://github.com/Maximilian284,5,5,225,225,220,220,snapshot_2026_05_07.json,snapshot_2026_05_04.json
95,map,trondheim-val,Trondheim,Valdotorium,Valdotorium,https://github.com/Valdotorium,5,5,148,148,143,143,snapshot_2026_05_07.json,snapshot_2026_05_04.json
96,map,ulsan-4,Ulsan (40km×40km),kimth9,kimth9,https://github.com/kimth9,5,5,129,129,124,124,snapshot_2026_05_07.json,snapshot_2026_05_04.json
97,map,jacksonville,Jacksonville,rslurry,slurry,https://github.com/rslurry,5,5,112,112,107,107,snapshot_2026_05_07.json,snapshot_2026_05_04.json
98,map,jeju-f,Jeju (Full Island),kimth9,kimth9,https://github.com/kimth9,5,5,110,110,105,105,snapshot_2026_05_07.json,snapshot_2026_05_04.json
99,map,san-antonio,San Antonio,rslurry,slurry,https://github.com/rslurry,5,5,82,82,77,77,snapshot_2026_05_07.json,snapshot_2026_05_04.json
100,map,yukina-hiroshima-kure,広島 (Hiroshima),ahkimn,Yukina-,https://subwaybuildermodded.com/credits,4,4,327,327,323,323,snapshot_2026_05_07.json,snapshot_2026_05_04.json
101,map,quebec-city,Quebec City,devenperez,devenperez,https://github.com/devenperez,4,4,297,297,293,293,snapshot_2026_05_07.json,snapshot_2026_05_04.json
102,map,yukina-kitakyushu-shimonoseki,北九州 (Kitakyūshū),ahkimn,Yukina-,https://subwaybuildermodded.com/credits,4,4,226,226,222,222,snapshot_2026_05_07.json,snapshot_2026_05_04.json
103,map,greatertwincities,Greater Twin Cities,DanielD1909,DanielD1909,https://github.com/DanielD1909,4,4,186,186,182,182,snapshot_2026_05_07.json,snapshot_2026_05_04.json
104,map,rochester,Rochester,rslurry,slurry,https://github.com/rslurry,4,4,100,100,96,96,snapshot_2026_05_07.json,snapshot_2026_05_04.json
105,map,daegu-4,Daegu (40km×40km),kimth9,kimth9,https://github.com/kimth9,4,4,87,87,83,83,snapshot_2026_05_07.json,snapshot_2026_05_04.json
106,mod,tathan-casino,TATHAN Casino,TathanDev,TathanDev,https://github.com/TathanDev,4,4,85,85,81,81,snapshot_2026_05_07.json,snapshot_2026_05_04.json
107,map,willamette-valley,"Willamette Valley, OR",Phineapoo,Phineapoo,https://github.com/Phineapoo,4,4,68,68,64,64,snapshot_2026_05_07.json,snapshot_2026_05_04.json
108,map,ottawa,Ottawa,devenperez,devenperez,https://github.com/devenperez,3,3,364,364,361,361,snapshot_2026_05_07.json,snapshot_2026_05_04.json
109,map,yukina-kobe-akashi,神戸 (Kōbe),ahkimn,Yukina-,https://subwaybuildermodded.com/credits,3,3,227,227,224,224,snapshot_2026_05_07.json,snapshot_2026_05_04.json
110,map,valencia,Valencia,Maximilian284,max02,https://github.com/Maximilian284,3,3,217,217,214,214,snapshot_2026_05_07.json,snapshot_2026_05_04.json
111,map,san-juan,San Juan,rslurry,slurry,https://github.com/rslurry,3,3,137,137,134,134,snapshot_2026_05_07.json,snapshot_2026_05_04.json
112,map,spokane,Spokane,ryandicicco,ryandicicco,https://github.com/ryandicicco,3,3,135,135,132,132,snapshot_2026_05_07.json,snapshot_2026_05_04.json
113,map,oklahoma-city,Oklahoma City,ryandicicco,ryandicicco,https://github.com/ryandicicco,3,3,111,111,108,108,snapshot_2026_05_07.json,snapshot_2026_05_04.json
114,map,memphis,Memphis,rslurry,slurry,https://github.com/rslurry,3,3,90,90,87,87,snapshot_2026_05_07.json,snapshot_2026_05_04.json
115,map,piedmont-triad,Piedmont Triad,PSWBSF,Potato Spaghetti Water Balloon Space Federation,https://youtu.be/dQw4w9WgXcQ?t=0,3,3,76,76,73,73,snapshot_2026_05_07.json,snapshot_2026_05_04.json
116,map,wilmington-nc,"Wilmington, NC",PSWBSF,Potato Spaghetti Water Balloon Space Federation,https://youtu.be/dQw4w9WgXcQ?t=0,3,3,70,70,67,67,snapshot_2026_05_07.json,snapshot_2026_05_04.json
117,map,charleston-sc,"Charleston, SC",PSWBSF,Potato Spaghetti Water Balloon Space Federation,https://youtu.be/dQw4w9WgXcQ?t=0,3,3,55,55,52,52,snapshot_2026_05_07.json,snapshot_2026_05_04.json
118,map,yukina-okayama,岡山 (Okayama),ahkimn,Yukina-,https://subwaybuildermodded.com/credits,3,3,46,46,43,43,snapshot_2026_05_07.json,snapshot_2026_05_04.json
119,map,akron-oh,"Akron, OH",bean1322,bean1322,https://github.com/bean1322,3,3,25,25,22,22,snapshot_2026_05_07.json,snapshot_2026_05_04.json
120,map,syracuse-ny,"Syracuse, NY",PSWBSF,Potato Spaghetti Water Balloon Space Federation,https://youtu.be/dQw4w9WgXcQ?t=0,3,3,19,19,16,16,snapshot_2026_05_07.json,snapshot_2026_05_04.json
121,map,mfn-madisonwi,Madison,crumpetime,muffintime,https://github.com/crumpetime,2,2,226,226,224,224,snapshot_2026_05_07.json,snapshot_2026_05_04.json
122,map,yukina-sendai,仙台 (Sendai),ahkimn,Yukina-,https://subwaybuildermodded.com/credits,2,2,183,183,181,181,snapshot_2026_05_07.json,snapshot_2026_05_04.json
123,map,albany,Albany,soccerjonj,soccerjonj,https://github.com/soccerjonj,2,2,143,143,141,141,snapshot_2026_05_07.json,snapshot_2026_05_04.json
124,map,richmond,Richmond,rslurry,slurry,https://github.com/rslurry,2,2,126,126,124,124,snapshot_2026_05_07.json,snapshot_2026_05_04.json
125,map,yukina-kagoshima-kirishima,鹿児島 (Kagoshima),ahkimn,Yukina-,https://subwaybuildermodded.com/credits,2,2,124,124,122,122,snapshot_2026_05_07.json,snapshot_2026_05_04.json
126,map,orange-county,Orange County,rslurry,slurry,https://github.com/rslurry,2,2,122,122,120,120,snapshot_2026_05_07.json,snapshot_2026_05_04.json
127,map,yukina-niigata,新潟 (Niigata),ahkimn,Yukina-,https://subwaybuildermodded.com/credits,2,2,119,119,117,117,snapshot_2026_05_07.json,snapshot_2026_05_04.json
128,map,genoa,Genoa,Maximilian284,max02,https://github.com/Maximilian284,2,2,117,117,115,115,snapshot_2026_05_07.json,snapshot_2026_05_04.json
129,map,greater-baltimore,Greater Baltimore,rslurry,slurry,https://github.com/rslurry,2,2,95,95,93,93,snapshot_2026_05_07.json,snapshot_2026_05_04.json
130,map,mfn-northwestar,Northwest Arkansas,crumpetime,muffintime,https://github.com/crumpetime,2,2,93,93,91,91,snapshot_2026_05_07.json,snapshot_2026_05_04.json
131,map,ciudad-juarez-el-paso,Ciudad Juárez-El Paso,rslurry,slurry,https://github.com/rslurry,2,2,60,60,58,58,snapshot_2026_05_07.json,snapshot_2026_05_04.json
132,map,dayton-oh,Dayton,PSWBSF,Potato Spaghetti Water Balloon Space Federation,https://youtu.be/dQw4w9WgXcQ?t=0,2,2,42,42,40,40,snapshot_2026_05_07.json,snapshot_2026_05_04.json
133,map,pulau-pinang,Pulau Pinang,nzh0172,naz,https://github.com/nzh0172,2,2,39,39,37,37,snapshot_2026_05_07.json,snapshot_2026_05_04.json
134,map,johor-bahru,Johor Bahru,nzh0172,naz,https://github.com/nzh0172,2,2,22,22,20,20,snapshot_2026_05_07.json,snapshot_2026_05_04.json
135,map,ipoh,Ipoh,nzh0172,naz,https://github.com/nzh0172,2,2,16,16,14,14,snapshot_2026_05_07.json,snapshot_2026_05_04.json
136,map,jerusalem,Jerusalem,BarKuperman,BarKuperman,https://github.com/BarKuperman,1,1,182,182,181,181,snapshot_2026_05_07.json,snapshot_2026_05_04.json
137,map,yukina-hakodate,函館 (Hakodate),ahkimn,Yukina-,https://subwaybuildermodded.com/credits,1,1,147,147,146,146,snapshot_2026_05_07.json,snapshot_2026_05_04.json
138,map,yukina-matsuyama,松山 (Matsuyama),ahkimn,Yukina-,https://subwaybuildermodded.com/credits,1,1,147,147,146,146,snapshot_2026_05_07.json,snapshot_2026_05_04.json
139,map,yukina-kochi,高知 (Kōchi),ahkimn,Yukina-,https://subwaybuildermodded.com/credits,1,1,133,133,132,132,snapshot_2026_05_07.json,snapshot_2026_05_04.json
140,map,nashville,Nashville,soccerjonj,soccerjonj,https://github.com/soccerjonj,1,1,126,126,125,125,snapshot_2026_05_07.json,snapshot_2026_05_04.json
141,map,florence,Florence,Maximilian284,max02,https://github.com/Maximilian284,1,1,122,122,121,121,snapshot_2026_05_07.json,snapshot_2026_05_04.json
142,map,sacramento,Sacramento,soccerjonj,soccerjonj,https://github.com/soccerjonj,1,1,120,120,119,119,snapshot_2026_05_07.json,snapshot_2026_05_04.json
143,map,yukina-yamagata,山形 (Yamagata),ahkimn,Yukina-,https://subwaybuildermodded.com/credits,1,1,109,109,108,108,snapshot_2026_05_07.json,snapshot_2026_05_04.json
144,map,louisville,Louisville,soccerjonj,soccerjonj,https://github.com/soccerjonj,1,1,107,107,106,106,snapshot_2026_05_07.json,snapshot_2026_05_04.json
145,map,yukina-nagasaki,長崎 (Nagasaki),ahkimn,Yukina-,https://subwaybuildermodded.com/credits,1,1,105,105,104,104,snapshot_2026_05_07.json,snapshot_2026_05_04.json
146,map,bologna,Bologna,Maximilian284,max02,https://github.com/Maximilian284,1,1,99,99,98,98,snapshot_2026_05_07.json,snapshot_2026_05_04.json
147,map,pianura-veneta,Pianura Veneta,Maximilian284,max02,https://github.com/Maximilian284,1,1,93,93,92,92,snapshot_2026_05_07.json,snapshot_2026_05_04.json
148,map,yukina-nakaumi,中海 (Nakaumi),ahkimn,Yukina-,https://subwaybuildermodded.com/credits,1,1,80,80,79,79,snapshot_2026_05_07.json,snapshot_2026_05_04.json
149,map,catania,Catania,Maximilian284,max02,https://github.com/Maximilian284,1,1,79,79,78,78,snapshot_2026_05_07.json,snapshot_2026_05_04.json
150,map,yukina-shizuoka-hamamatsu,静岡・浜松 (Shizuoka/Hamamatsu),ahkimn,Yukina-,https://subwaybuildermodded.com/credits,1,1,54,54,53,53,snapshot_2026_05_07.json,snapshot_2026_05_04.json
151,map,yukina-asahikawa,旭川 (Asahikawa),ahkimn,Yukina-,https://subwaybuildermodded.com/credits,1,1,53,53,52,52,snapshot_2026_05_07.json,snapshot_2026_05_04.json
152,map,yukina-tsugaru,津軽 (Tsugaru),ahkimn,Yukina-,https://subwaybuildermodded.com/credits,1,1,49,49,48,48,snapshot_2026_05_07.json,snapshot_2026_05_04.json
153,map,gwangju-3,Gwangju (30km×30km),kimth9,kimth9,https://github.com/kimth9,1,1,45,45,44,44,snapshot_2026_05_07.json,snapshot_2026_05_04.json
154,map,yukina-nakadoori,中通り (Nakadōri),ahkimn,Yukina-,https://subwaybuildermodded.com/credits,1,1,30,30,29,29,snapshot_2026_05_07.json,snapshot_2026_05_04.json
155,map,yukina-kumamoto,熊本 (Kumamoto),ahkimn,Yukina-,https://subwaybuildermodded.com/credits,1,1,16,16,15,15,snapshot_2026_05_07.json,snapshot_2026_05_04.json
156,map,daejeon-3,Daejeon (30km×30km),kimth9,kimth9,https://github.com/kimth9,1,1,14,14,13,13,snapshot_2026_05_07.json,snapshot_2026_05_04.json
157,map,calgary,Calgary,devenperez,devenperez,https://github.com/devenperez,0,0,344,344,344,344,snapshot_2026_05_07.json,snapshot_2026_05_04.json
158,map,edmonton,Edmonton,devenperez,devenperez,https://github.com/devenperez,0,0,312,312,312,312,snapshot_2026_05_07.json,snapshot_2026_05_04.json
159,map,winnipeg,Winnipeg,devenperez,devenperez,https://github.com/devenperez,0,0,250,250,250,250,snapshot_2026_05_07.json,snapshot_2026_05_04.json
160,map,waterloo,Region of Waterloo,Kronifer,Kronifer,https://github.com/Kronifer,0,0,146,132,146,132,snapshot_2026_05_07.json,snapshot_2026_05_04.json
161,map,bucharest-medium,Bucharest,metatablestudios,metatablestudios,https://github.com/metatablestudios,0,0,132,132,132,132,snapshot_2026_05_07.json,snapshot_2026_05_04.json
162,map,colorado-ski-country,Colorado Ski Country,soccerjonj,soccerjonj,https://github.com/soccerjonj,0,0,118,118,118,118,snapshot_2026_05_07.json,snapshot_2026_05_04.json
163,map,turin,Turin,Maximilian284,max02,https://github.com/Maximilian284,0,0,115,115,115,115,snapshot_2026_05_07.json,snapshot_2026_05_04.json
164,map,mfn-hamptonroads,Norfolk,crumpetime,muffintime,https://github.com/crumpetime,0,7,113,92,113,85,snapshot_2026_05_07.json,snapshot_2026_05_04.json
165,map,bari,Bari,Maximilian284,max02,https://github.com/Maximilian284,0,0,95,95,95,95,snapshot_2026_05_07.json,snapshot_2026_05_04.json
166,map,santa-barbara,Santa Barbara,rslurry,slurry,https://github.com/rslurry,0,0,94,94,94,94,snapshot_2026_05_07.json,snapshot_2026_05_04.json
167,map,garda-lake,Garda Lake,Maximilian284,max02,https://github.com/Maximilian284,0,0,80,80,80,80,snapshot_2026_05_07.json,snapshot_2026_05_04.json
168,map,palermo,Palermo,Maximilian284,max02,https://github.com/Maximilian284,0,0,73,73,73,73,snapshot_2026_05_07.json,snapshot_2026_05_04.json
169,map,yukina-toyama,富山 (Toyama),ahkimn,Yukina-,https://subwaybuildermodded.com/credits,0,0,65,65,65,65,snapshot_2026_05_07.json,snapshot_2026_05_04.json
170,map,knoxville,Knoxville,rslurry,slurry,https://github.com/rslurry,0,4,60,39,60,35,snapshot_2026_05_07.json,snapshot_2026_05_04.json
171,map,yukina-takamatsu,高松 (Takamatsu),ahkimn,Yukina-,https://subwaybuildermodded.com/credits,0,0,55,55,55,55,snapshot_2026_05_07.json,snapshot_2026_05_04.json
172,map,daejeon-4,Daejeon (40km×40km),kimth9,kimth9,https://github.com/kimth9,0,0,54,54,54,54,snapshot_2026_05_07.json,snapshot_2026_05_04.json
173,map,gwangju-4,Gwangju (40km×40km),kimth9,kimth9,https://github.com/kimth9,0,0,53,53,53,53,snapshot_2026_05_07.json,snapshot_2026_05_04.json
174,map,pianura-emiliana,Pianura Emiliana,Maximilian284,max02,https://github.com/Maximilian284,0,0,47,47,47,47,snapshot_2026_05_07.json,snapshot_2026_05_04.json
175,map,riviera-romagnola,Riviera Romagnola,Maximilian284,max02,https://github.com/Maximilian284,0,0,45,45,45,45,snapshot_2026_05_07.json,snapshot_2026_05_04.json
176,map,jeju-4,Jeju (40km×40km),kimth9,kimth9,https://github.com/kimth9,0,0,16,16,16,16,snapshot_2026_05_07.json,snapshot_2026_05_04.json
177,map,yukina-morioka,盛岡 (Morioka),ahkimn,Yukina-,https://subwaybuildermodded.com/credits,0,0,13,13,13,13,snapshot_2026_05_07.json,snapshot_2026_05_04.json
178,map,yukina-tottori,鳥取 (Tottori),ahkimn,Yukina-,https://subwaybuildermodded.com/credits,0,0,9,9,9,9,snapshot_2026_05_07.json,snapshot_2026_05_04.json
